{
    "start": [127.027618, 37.497968],
    "goal": [127.0646402, 37.2497394],
    "path": [
      [127.0583539, 37.248289],
      [127.0585089, 37.3481931],
      [127.058517, 37.248158]
    ]
}